rank,uid,title,year,venue,url,problem_claimed,actual_mechanism,hidden_assumptions,variables_treated_as_fixed,failure_modes_ignored,what_it_makes_less_novel,what_it_leaves_open
1,arxiv:2309.16930v1,PONG: Probabilistic Object Normals for Grasping via Analytic Bounds on Force Closure Probability,2023,arXiv,http://arxiv.org/abs/2309.16930v1,Addresses grasping and language-conditioned manipulation or a neighboring robotics mechanism.,"Prior work usually predicts, ranks, filters, or imitates observed behavior rather than preserving unrealized branches.",The observed outcome is enough to supervise the model.,"Contact mode support, embodiment limits, and deployment perturbations.","Branch collapse, hidden-mode shift, and tail-risk planning failures.",Generic world models and generic uncertainty are crowded.,Semantic force closure revisited keeps action-critical alternatives explicit until a physical observation collapses them.
2,doi:10.2139/ssrn.6365601,GraspMind: Multi-Granularity Language-Conditioned Affordance Prediction for Robotic Grasping,,,https://doi.org/10.2139/ssrn.6365601,Addresses grasping and language-conditioned manipulation or a neighboring robotics mechanism.,"Prior work usually predicts, ranks, filters, or imitates observed behavior rather than preserving unrealized branches.",The observed outcome is enough to supervise the model.,"Contact mode support, embodiment limits, and deployment perturbations.","Branch collapse, hidden-mode shift, and tail-risk planning failures.",Generic world models and generic uncertainty are crowded.,Semantic force closure revisited keeps action-critical alternatives explicit until a physical observation collapses them.
3,doi:10.32920/32253735.v1,Development and Evaluation of a Vision-Language Guided Robotic Manipulation Pipeline,,,https://doi.org/10.32920/32253735.v1,Addresses grasping and language-conditioned manipulation or a neighboring robotics mechanism.,"Prior work usually predicts, ranks, filters, or imitates observed behavior rather than preserving unrealized branches.",The observed outcome is enough to supervise the model.,"Contact mode support, embodiment limits, and deployment perturbations.","Branch collapse, hidden-mode shift, and tail-risk planning failures.",Generic world models and generic uncertainty are crowded.,Semantic force closure revisited keeps action-critical alternatives explicit until a physical observation collapses them.
4,doi:10.32920/32253735,Development and Evaluation of a Vision-Language Guided Robotic Manipulation Pipeline,,,https://doi.org/10.32920/32253735,Addresses grasping and language-conditioned manipulation or a neighboring robotics mechanism.,"Prior work usually predicts, ranks, filters, or imitates observed behavior rather than preserving unrealized branches.",The observed outcome is enough to supervise the model.,"Contact mode support, embodiment limits, and deployment perturbations.","Branch collapse, hidden-mode shift, and tail-risk planning failures.",Generic world models and generic uncertainty are crowded.,Semantic force closure revisited keeps action-critical alternatives explicit until a physical observation collapses them.
5,doi:10.3390/s23249827,Analysis of Contact Force and Shape Change on Grasping a Square Object Using an Actual Fin Ray Soft Gripper,2023,Sensors,https://doi.org/10.3390/s23249827,Addresses grasping and language-conditioned manipulation or a neighboring robotics mechanism.,"Prior work usually predicts, ranks, filters, or imitates observed behavior rather than preserving unrealized branches.",The observed outcome is enough to supervise the model.,"Contact mode support, embodiment limits, and deployment perturbations.","Branch collapse, hidden-mode shift, and tail-risk planning failures.",Generic world models and generic uncertainty are crowded.,Semantic force closure revisited keeps action-critical alternatives explicit until a physical observation collapses them.
6,arxiv:2310.05239v3,Lan-grasp: Using Large Language Models for Semantic Object Grasping and Placement,2023,arXiv,http://arxiv.org/abs/2310.05239v3,Addresses grasping and language-conditioned manipulation or a neighboring robotics mechanism.,"Prior work usually predicts, ranks, filters, or imitates observed behavior rather than preserving unrealized branches.",The observed outcome is enough to supervise the model.,"Contact mode support, embodiment limits, and deployment perturbations.","Branch collapse, hidden-mode shift, and tail-risk planning failures.",Generic world models and generic uncertainty are crowded.,Semantic force closure revisited keeps action-critical alternatives explicit until a physical observation collapses them.
7,doi:10.3390/app16073376,Robust Vision-Language-Action Models via Object-Centric Learning and Distance-Based Chunk Alignment,2026,Applied Sciences,https://doi.org/10.3390/app16073376,Addresses grasping and language-conditioned manipulation or a neighboring robotics mechanism.,"Prior work usually predicts, ranks, filters, or imitates observed behavior rather than preserving unrealized branches.",The observed outcome is enough to supervise the model.,"Contact mode support, embodiment limits, and deployment perturbations.","Branch collapse, hidden-mode shift, and tail-risk planning failures.",Generic world models and generic uncertainty are crowded.,Semantic force closure revisited keeps action-critical alternatives explicit until a physical observation collapses them.
8,doi:10.3390/mi15121513,A High-Repeatability Three-Dimensional Force Tactile Sensing System for Robotic Dexterous Grasping and Object Recognition,2024,Micromachines,https://doi.org/10.3390/mi15121513,Addresses grasping and language-conditioned manipulation or a neighboring robotics mechanism.,"Prior work usually predicts, ranks, filters, or imitates observed behavior rather than preserving unrealized branches.",The observed outcome is enough to supervise the model.,"Contact mode support, embodiment limits, and deployment perturbations.","Branch collapse, hidden-mode shift, and tail-risk planning failures.",Generic world models and generic uncertainty are crowded.,Semantic force closure revisited keeps action-critical alternatives explicit until a physical observation collapses them.
9,arxiv:2308.16893v1,Language-Conditioned Path Planning,2023,arXiv,http://arxiv.org/abs/2308.16893v1,Addresses grasping and language-conditioned manipulation or a neighboring robotics mechanism.,"Prior work usually predicts, ranks, filters, or imitates observed behavior rather than preserving unrealized branches.",The observed outcome is enough to supervise the model.,"Contact mode support, embodiment limits, and deployment perturbations.","Branch collapse, hidden-mode shift, and tail-risk planning failures.",Generic world models and generic uncertainty are crowded.,Semantic force closure revisited keeps action-critical alternatives explicit until a physical observation collapses them.
10,doi:10.1115/detc2025-168923,A Vision-Language Model Approach for Object Segmentation and Robotic Grasping,2025,Volume 5: 21st IEEE/ASME International Conference on Mechatronic and Embedded Systems and Applications (MESA); 49th Mechanisms and Robotics Conference (MR),https://doi.org/10.1115/detc2025-168923,Addresses grasping and language-conditioned manipulation or a neighboring robotics mechanism.,"Prior work usually predicts, ranks, filters, or imitates observed behavior rather than preserving unrealized branches.",The observed outcome is enough to supervise the model.,"Contact mode support, embodiment limits, and deployment perturbations.","Branch collapse, hidden-mode shift, and tail-risk planning failures.",Generic world models and generic uncertainty are crowded.,Semantic force closure revisited keeps action-critical alternatives explicit until a physical observation collapses them.
11,doi:10.21203/rs.3.rs-9385278/v1,Natural Language-Driven Zero-Shot Generalization of Robotic Grasping Skills,,,https://doi.org/10.21203/rs.3.rs-9385278/v1,Addresses grasping and language-conditioned manipulation or a neighboring robotics mechanism.,"Prior work usually predicts, ranks, filters, or imitates observed behavior rather than preserving unrealized branches.",The observed outcome is enough to supervise the model.,"Contact mode support, embodiment limits, and deployment perturbations.","Branch collapse, hidden-mode shift, and tail-risk planning failures.",Generic world models and generic uncertainty are crowded.,Semantic force closure revisited keeps action-critical alternatives explicit until a physical observation collapses them.
12,doi:10.1002/aisy.202400404,Interactive Prompt‐Guided Robotic Grasping for Arbitrary Objects Based on Promptable Segment Anything Model and Force‐Closure Analysis,2024,Advanced Intelligent Systems,https://doi.org/10.1002/aisy.202400404,Addresses grasping and language-conditioned manipulation or a neighboring robotics mechanism.,"Prior work usually predicts, ranks, filters, or imitates observed behavior rather than preserving unrealized branches.",The observed outcome is enough to supervise the model.,"Contact mode support, embodiment limits, and deployment perturbations.","Branch collapse, hidden-mode shift, and tail-risk planning failures.",Generic world models and generic uncertainty are crowded.,Semantic force closure revisited keeps action-critical alternatives explicit until a physical observation collapses them.
13,doi:10.3390/robotics7040076,Motion Planning and Reactive Control Algorithms for Object Manipulation in Uncertain Conditions,2018,Robotics,https://doi.org/10.3390/robotics7040076,Addresses grasping and language-conditioned manipulation or a neighboring robotics mechanism.,"Prior work usually predicts, ranks, filters, or imitates observed behavior rather than preserving unrealized branches.",The observed outcome is enough to supervise the model.,"Contact mode support, embodiment limits, and deployment perturbations.","Branch collapse, hidden-mode shift, and tail-risk planning failures.",Generic world models and generic uncertainty are crowded.,Semantic force closure revisited keeps action-critical alternatives explicit until a physical observation collapses them.
14,doi:10.48550/arxiv.2307.13204,GraspGPT: Leveraging Semantic Knowledge from a Large Language Model for Task-Oriented Grasping,2023,arXiv (Cornell University),https://doi.org/10.48550/arxiv.2307.13204,Addresses grasping and language-conditioned manipulation or a neighboring robotics mechanism.,"Prior work usually predicts, ranks, filters, or imitates observed behavior rather than preserving unrealized branches.",The observed outcome is enough to supervise the model.,"Contact mode support, embodiment limits, and deployment perturbations.","Branch collapse, hidden-mode shift, and tail-risk planning failures.",Generic world models and generic uncertainty are crowded.,Semantic force closure revisited keeps action-critical alternatives explicit until a physical observation collapses them.
15,arxiv:2603.15265v1,MoE-ACT: Scaling Multi-Task Bimanual Manipulation with Sparse Language-Conditioned Mixture-of-Experts Transformers,2026,arXiv,http://arxiv.org/abs/2603.15265v1,Addresses grasping and language-conditioned manipulation or a neighboring robotics mechanism.,"Prior work usually predicts, ranks, filters, or imitates observed behavior rather than preserving unrealized branches.",The observed outcome is enough to supervise the model.,"Contact mode support, embodiment limits, and deployment perturbations.","Branch collapse, hidden-mode shift, and tail-risk planning failures.",Generic world models and generic uncertainty are crowded.,Semantic force closure revisited keeps action-critical alternatives explicit until a physical observation collapses them.
16,doi:10.1515/jmdai-2024-0003,Robotic Hand Grasping: a review focused on multiple objects manipulation,2025,Journal of Machine Design and Automation Intelligence,https://doi.org/10.1515/jmdai-2024-0003,Addresses grasping and language-conditioned manipulation or a neighboring robotics mechanism.,"Prior work usually predicts, ranks, filters, or imitates observed behavior rather than preserving unrealized branches.",The observed outcome is enough to supervise the model.,"Contact mode support, embodiment limits, and deployment perturbations.","Branch collapse, hidden-mode shift, and tail-risk planning failures.",Generic world models and generic uncertainty are crowded.,Semantic force closure revisited keeps action-critical alternatives explicit until a physical observation collapses them.
17,arxiv:2503.12609v2,VISO-Grasp: Vision-Language Informed Spatial Object-centric 6-DoF Active View Planning and Grasping in Clutter and Invisibility,2025,arXiv,http://arxiv.org/abs/2503.12609v2,Addresses grasping and language-conditioned manipulation or a neighboring robotics mechanism.,"Prior work usually predicts, ranks, filters, or imitates observed behavior rather than preserving unrealized branches.",The observed outcome is enough to supervise the model.,"Contact mode support, embodiment limits, and deployment perturbations.","Branch collapse, hidden-mode shift, and tail-risk planning failures.",Generic world models and generic uncertainty are crowded.,Semantic force closure revisited keeps action-critical alternatives explicit until a physical observation collapses them.
18,doi:10.20944/preprints202606.0400.v1,Vision-Language-Action and Vision Language Models for Robot Manipulation: A Comprehensive Review Towards Real-World Applications,,,https://doi.org/10.20944/preprints202606.0400.v1,Addresses grasping and language-conditioned manipulation or a neighboring robotics mechanism.,"Prior work usually predicts, ranks, filters, or imitates observed behavior rather than preserving unrealized branches.",The observed outcome is enough to supervise the model.,"Contact mode support, embodiment limits, and deployment perturbations.","Branch collapse, hidden-mode shift, and tail-risk planning failures.",Generic world models and generic uncertainty are crowded.,Semantic force closure revisited keeps action-critical alternatives explicit until a physical observation collapses them.
19,doi:10.3390/sym18030394,PI-VLA: Adaptive Symmetry-Aware Decision-Making for Long-Horizon Vision–Language–Action Manipulation,2026,Symmetry,https://doi.org/10.3390/sym18030394,Addresses grasping and language-conditioned manipulation or a neighboring robotics mechanism.,"Prior work usually predicts, ranks, filters, or imitates observed behavior rather than preserving unrealized branches.",The observed outcome is enough to supervise the model.,"Contact mode support, embodiment limits, and deployment perturbations.","Branch collapse, hidden-mode shift, and tail-risk planning failures.",Generic world models and generic uncertainty are crowded.,Semantic force closure revisited keeps action-critical alternatives explicit until a physical observation collapses them.
20,arxiv:2312.16217v1,ManipLLM: Embodied Multimodal Large Language Model for Object-Centric Robotic Manipulation,2023,arXiv,http://arxiv.org/abs/2312.16217v1,Addresses grasping and language-conditioned manipulation or a neighboring robotics mechanism.,"Prior work usually predicts, ranks, filters, or imitates observed behavior rather than preserving unrealized branches.",The observed outcome is enough to supervise the model.,"Contact mode support, embodiment limits, and deployment perturbations.","Branch collapse, hidden-mode shift, and tail-risk planning failures.",Generic world models and generic uncertainty are crowded.,Semantic force closure revisited keeps action-critical alternatives explicit until a physical observation collapses them.
21,doi:10.7816/imuling-15-2025-01x003,Grasping grammar: The haptic turn in language documentation,2025,Contemporary Studies in Linguistics I,https://doi.org/10.7816/imuling-15-2025-01x003,Addresses grasping and language-conditioned manipulation or a neighboring robotics mechanism.,"Prior work usually predicts, ranks, filters, or imitates observed behavior rather than preserving unrealized branches.",The observed outcome is enough to supervise the model.,"Contact mode support, embodiment limits, and deployment perturbations.","Branch collapse, hidden-mode shift, and tail-risk planning failures.",Generic world models and generic uncertainty are crowded.,Semantic force closure revisited keeps action-critical alternatives explicit until a physical observation collapses them.
22,doi:10.3390/s26113541,Sensing the Action: Rethinking Sensor Modalities and Multi-Modal Fusion in Vision–Language–Action Models for Robotic Manipulation,2026,Sensors,https://doi.org/10.3390/s26113541,Addresses grasping and language-conditioned manipulation or a neighboring robotics mechanism.,"Prior work usually predicts, ranks, filters, or imitates observed behavior rather than preserving unrealized branches.",The observed outcome is enough to supervise the model.,"Contact mode support, embodiment limits, and deployment perturbations.","Branch collapse, hidden-mode shift, and tail-risk planning failures.",Generic world models and generic uncertainty are crowded.,Semantic force closure revisited keeps action-critical alternatives explicit until a physical observation collapses them.
23,doi:10.1109/icarcv.2016.7838638,Object grasping by combining caging and force closure,2016,"2016 14th International Conference on Control, Automation, Robotics and Vision (ICARCV)",https://doi.org/10.1109/icarcv.2016.7838638,Addresses grasping and language-conditioned manipulation or a neighboring robotics mechanism.,"Prior work usually predicts, ranks, filters, or imitates observed behavior rather than preserving unrealized branches.",The observed outcome is enough to supervise the model.,"Contact mode support, embodiment limits, and deployment perturbations.","Branch collapse, hidden-mode shift, and tail-risk planning failures.",Generic world models and generic uncertainty are crowded.,Semantic force closure revisited keeps action-critical alternatives explicit until a physical observation collapses them.
24,doi:10.1016/j.neulet.2009.03.108,Grip force adaptation in manipulation activities performed under different coating and grasping conditions,2009,Neuroscience Letters,https://doi.org/10.1016/j.neulet.2009.03.108,Addresses grasping and language-conditioned manipulation or a neighboring robotics mechanism.,"Prior work usually predicts, ranks, filters, or imitates observed behavior rather than preserving unrealized branches.",The observed outcome is enough to supervise the model.,"Contact mode support, embodiment limits, and deployment perturbations.","Branch collapse, hidden-mode shift, and tail-risk planning failures.",Generic world models and generic uncertainty are crowded.,Semantic force closure revisited keeps action-critical alternatives explicit until a physical observation collapses them.
25,doi:10.1109/lra.2023.3320012,GraspGPT: Leveraging Semantic Knowledge From a Large Language Model for Task-Oriented Grasping,2023,IEEE Robotics and Automation Letters,https://doi.org/10.1109/lra.2023.3320012,Addresses grasping and language-conditioned manipulation or a neighboring robotics mechanism.,"Prior work usually predicts, ranks, filters, or imitates observed behavior rather than preserving unrealized branches.",The observed outcome is enough to supervise the model.,"Contact mode support, embodiment limits, and deployment perturbations.","Branch collapse, hidden-mode shift, and tail-risk planning failures.",Generic world models and generic uncertainty are crowded.,Semantic force closure revisited keeps action-critical alternatives explicit until a physical observation collapses them.
26,doi:10.3390/robotics14030024,Agentic Workflows for Improving Large Language Model Reasoning in Robotic Object-Centered Planning,2025,Robotics,https://doi.org/10.3390/robotics14030024,Addresses grasping and language-conditioned manipulation or a neighboring robotics mechanism.,"Prior work usually predicts, ranks, filters, or imitates observed behavior rather than preserving unrealized branches.",The observed outcome is enough to supervise the model.,"Contact mode support, embodiment limits, and deployment perturbations.","Branch collapse, hidden-mode shift, and tail-risk planning failures.",Generic world models and generic uncertainty are crowded.,Semantic force closure revisited keeps action-critical alternatives explicit until a physical observation collapses them.
27,arxiv:2507.10776v1,rt-RISeg: Real-Time Model-Free Robot Interactive Segmentation for Active Instance-Level Object Understanding,2025,arXiv,http://arxiv.org/abs/2507.10776v1,Addresses grasping and language-conditioned manipulation or a neighboring robotics mechanism.,"Prior work usually predicts, ranks, filters, or imitates observed behavior rather than preserving unrealized branches.",The observed outcome is enough to supervise the model.,"Contact mode support, embodiment limits, and deployment perturbations.","Branch collapse, hidden-mode shift, and tail-risk planning failures.",Generic world models and generic uncertainty are crowded.,Semantic force closure revisited keeps action-critical alternatives explicit until a physical observation collapses them.
28,doi:10.1108/aa-11-2020-0180,Optimal grasp force for robotic grasping and in-hand manipulation with impedance control,2021,Assembly Automation,https://doi.org/10.1108/aa-11-2020-0180,Addresses grasping and language-conditioned manipulation or a neighboring robotics mechanism.,"Prior work usually predicts, ranks, filters, or imitates observed behavior rather than preserving unrealized branches.",The observed outcome is enough to supervise the model.,"Contact mode support, embodiment limits, and deployment perturbations.","Branch collapse, hidden-mode shift, and tail-risk planning failures.",Generic world models and generic uncertainty are crowded.,Semantic force closure revisited keeps action-critical alternatives explicit until a physical observation collapses them.
29,arxiv:2112.03227v4,CALVIN: A Benchmark for Language-Conditioned Policy Learning for Long-Horizon Robot Manipulation Tasks,2021,arXiv,http://arxiv.org/abs/2112.03227v4,Addresses grasping and language-conditioned manipulation or a neighboring robotics mechanism.,"Prior work usually predicts, ranks, filters, or imitates observed behavior rather than preserving unrealized branches.",The observed outcome is enough to supervise the model.,"Contact mode support, embodiment limits, and deployment perturbations.","Branch collapse, hidden-mode shift, and tail-risk planning failures.",Generic world models and generic uncertainty are crowded.,Semantic force closure revisited keeps action-critical alternatives explicit until a physical observation collapses them.
30,doi:10.1609/aaai.v40i29.39677,Continuous Vision-Language-Action Co-Learning with Semantic-Physical Alignment for Behavioral Cloning,2026,Proceedings of the AAAI Conference on Artificial Intelligence,https://doi.org/10.1609/aaai.v40i29.39677,Addresses grasping and language-conditioned manipulation or a neighboring robotics mechanism.,"Prior work usually predicts, ranks, filters, or imitates observed behavior rather than preserving unrealized branches.",The observed outcome is enough to supervise the model.,"Contact mode support, embodiment limits, and deployment perturbations.","Branch collapse, hidden-mode shift, and tail-risk planning failures.",Generic world models and generic uncertainty are crowded.,Semantic force closure revisited keeps action-critical alternatives explicit until a physical observation collapses them.
31,doi:10.1109/case59546.2024.10711845,Vision-language model-driven scene understanding and robotic object manipulation,2024,2024 IEEE 20th International Conference on Automation Science and Engineering (CASE),https://doi.org/10.1109/case59546.2024.10711845,Addresses grasping and language-conditioned manipulation or a neighboring robotics mechanism.,"Prior work usually predicts, ranks, filters, or imitates observed behavior rather than preserving unrealized branches.",The observed outcome is enough to supervise the model.,"Contact mode support, embodiment limits, and deployment perturbations.","Branch collapse, hidden-mode shift, and tail-risk planning failures.",Generic world models and generic uncertainty are crowded.,Semantic force closure revisited keeps action-critical alternatives explicit until a physical observation collapses them.
32,arxiv:2605.11144v1,Forecast-aware Gaussian Splatting for Predictive 3D Representation in Language-Guided Pick-and-Place Manipulation,2026,arXiv,http://arxiv.org/abs/2605.11144v1,Addresses grasping and language-conditioned manipulation or a neighboring robotics mechanism.,"Prior work usually predicts, ranks, filters, or imitates observed behavior rather than preserving unrealized branches.",The observed outcome is enough to supervise the model.,"Contact mode support, embodiment limits, and deployment perturbations.","Branch collapse, hidden-mode shift, and tail-risk planning failures.",Generic world models and generic uncertainty are crowded.,Semantic force closure revisited keeps action-critical alternatives explicit until a physical observation collapses them.
33,arxiv:2506.18088v2,RoboTwin 2.0: A Scalable Data Generator and Benchmark with Strong Domain Randomization for Robust Bimanual Robotic Manipulation,2025,arXiv,http://arxiv.org/abs/2506.18088v2,Addresses grasping and language-conditioned manipulation or a neighboring robotics mechanism.,"Prior work usually predicts, ranks, filters, or imitates observed behavior rather than preserving unrealized branches.",The observed outcome is enough to supervise the model.,"Contact mode support, embodiment limits, and deployment perturbations.","Branch collapse, hidden-mode shift, and tail-risk planning failures.",Generic world models and generic uncertainty are crowded.,Semantic force closure revisited keeps action-critical alternatives explicit until a physical observation collapses them.
34,doi:10.48550/arxiv.1809.10790,Deep Object Pose Estimation for Semantic Robotic Grasping of Household Objects,2018,arXiv (Cornell University),https://doi.org/10.48550/arxiv.1809.10790,Addresses grasping and language-conditioned manipulation or a neighboring robotics mechanism.,"Prior work usually predicts, ranks, filters, or imitates observed behavior rather than preserving unrealized branches.",The observed outcome is enough to supervise the model.,"Contact mode support, embodiment limits, and deployment perturbations.","Branch collapse, hidden-mode shift, and tail-risk planning failures.",Generic world models and generic uncertainty are crowded.,Semantic force closure revisited keeps action-critical alternatives explicit until a physical observation collapses them.
35,doi:10.1038/s41598-018-33916-8,Vision facilitates tactile perception when grasping an object,2018,Scientific Reports,https://doi.org/10.1038/s41598-018-33916-8,Addresses grasping and language-conditioned manipulation or a neighboring robotics mechanism.,"Prior work usually predicts, ranks, filters, or imitates observed behavior rather than preserving unrealized branches.",The observed outcome is enough to supervise the model.,"Contact mode support, embodiment limits, and deployment perturbations.","Branch collapse, hidden-mode shift, and tail-risk planning failures.",Generic world models and generic uncertainty are crowded.,Semantic force closure revisited keeps action-critical alternatives explicit until a physical observation collapses them.
36,doi:10.1088/1742-6596/3077/1/012001,Detection of Robot Optimal Grasping Pose Based on Vision-Language Models,2025,Journal of Physics: Conference Series,https://doi.org/10.1088/1742-6596/3077/1/012001,Addresses grasping and language-conditioned manipulation or a neighboring robotics mechanism.,"Prior work usually predicts, ranks, filters, or imitates observed behavior rather than preserving unrealized branches.",The observed outcome is enough to supervise the model.,"Contact mode support, embodiment limits, and deployment perturbations.","Branch collapse, hidden-mode shift, and tail-risk planning failures.",Generic world models and generic uncertainty are crowded.,Semantic force closure revisited keeps action-critical alternatives explicit until a physical observation collapses them.
37,doi:10.1111/1467-8659.00678,Planning Collision‐Free Reaching Motions for Interactive Object Manipulation and Grasping,2003,Computer Graphics Forum,https://doi.org/10.1111/1467-8659.00678,Addresses grasping and language-conditioned manipulation or a neighboring robotics mechanism.,"Prior work usually predicts, ranks, filters, or imitates observed behavior rather than preserving unrealized branches.",The observed outcome is enough to supervise the model.,"Contact mode support, embodiment limits, and deployment perturbations.","Branch collapse, hidden-mode shift, and tail-risk planning failures.",Generic world models and generic uncertainty are crowded.,Semantic force closure revisited keeps action-critical alternatives explicit until a physical observation collapses them.
38,doi:10.1109/cvpr52734.2025.02574,Object-Centric Prompt-Driven Vision-Language-Action Model for Robotic Manipulation,2025,2025 IEEE/CVF Conference on Computer Vision and Pattern Recognition (CVPR),https://doi.org/10.1109/cvpr52734.2025.02574,Addresses grasping and language-conditioned manipulation or a neighboring robotics mechanism.,"Prior work usually predicts, ranks, filters, or imitates observed behavior rather than preserving unrealized branches.",The observed outcome is enough to supervise the model.,"Contact mode support, embodiment limits, and deployment perturbations.","Branch collapse, hidden-mode shift, and tail-risk planning failures.",Generic world models and generic uncertainty are crowded.,Semantic force closure revisited keeps action-critical alternatives explicit until a physical observation collapses them.
39,doi:10.1299/jsmermd.2012._1a1-l03_1,1A1-L03 Effect of object surface conditions on grasping force in object grasping by robotic hand with stiffness changeable skin mechanism(Robot Hand Mechanism and Grasping Strategy(1)),2012,The Proceedings of JSME annual Conference on Robotics and Mechatronics (Robomec),https://doi.org/10.1299/jsmermd.2012._1a1-l03_1,Addresses grasping and language-conditioned manipulation or a neighboring robotics mechanism.,"Prior work usually predicts, ranks, filters, or imitates observed behavior rather than preserving unrealized branches.",The observed outcome is enough to supervise the model.,"Contact mode support, embodiment limits, and deployment perturbations.","Branch collapse, hidden-mode shift, and tail-risk planning failures.",Generic world models and generic uncertainty are crowded.,Semantic force closure revisited keeps action-critical alternatives explicit until a physical observation collapses them.
40,doi:10.48550/arxiv.2407.00451,Language-Guided Object-Centric Diffusion Policy for Generalizable and Collision-Aware Robotic Manipulation,2024,arXiv (Cornell University),https://doi.org/10.48550/arxiv.2407.00451,Addresses grasping and language-conditioned manipulation or a neighboring robotics mechanism.,"Prior work usually predicts, ranks, filters, or imitates observed behavior rather than preserving unrealized branches.",The observed outcome is enough to supervise the model.,"Contact mode support, embodiment limits, and deployment perturbations.","Branch collapse, hidden-mode shift, and tail-risk planning failures.",Generic world models and generic uncertainty are crowded.,Semantic force closure revisited keeps action-critical alternatives explicit until a physical observation collapses them.
41,arxiv:2605.13117v1,SECOND-Grasp: Semantic Contact-guided Dexterous Grasping,2026,arXiv,http://arxiv.org/abs/2605.13117v1,Addresses grasping and language-conditioned manipulation or a neighboring robotics mechanism.,"Prior work usually predicts, ranks, filters, or imitates observed behavior rather than preserving unrealized branches.",The observed outcome is enough to supervise the model.,"Contact mode support, embodiment limits, and deployment perturbations.","Branch collapse, hidden-mode shift, and tail-risk planning failures.",Generic world models and generic uncertainty are crowded.,Semantic force closure revisited keeps action-critical alternatives explicit until a physical observation collapses them.
42,arxiv:2606.09630v1,ReCoVLA: VLM-Guided Reward Compilation for Failure Recovery in Vision-Language-Action Policies,2026,arXiv,http://arxiv.org/abs/2606.09630v1,Addresses grasping and language-conditioned manipulation or a neighboring robotics mechanism.,"Prior work usually predicts, ranks, filters, or imitates observed behavior rather than preserving unrealized branches.",The observed outcome is enough to supervise the model.,"Contact mode support, embodiment limits, and deployment perturbations.","Branch collapse, hidden-mode shift, and tail-risk planning failures.",Generic world models and generic uncertainty are crowded.,Semantic force closure revisited keeps action-critical alternatives explicit until a physical observation collapses them.
43,doi:10.1186/s40648-024-00273-3,Tactile sensor-less fingertip contact detection and force estimation for stable grasping with an under-actuated hand,2024,ROBOMECH Journal,https://doi.org/10.1186/s40648-024-00273-3,Addresses grasping and language-conditioned manipulation or a neighboring robotics mechanism.,"Prior work usually predicts, ranks, filters, or imitates observed behavior rather than preserving unrealized branches.",The observed outcome is enough to supervise the model.,"Contact mode support, embodiment limits, and deployment perturbations.","Branch collapse, hidden-mode shift, and tail-risk planning failures.",Generic world models and generic uncertainty are crowded.,Semantic force closure revisited keeps action-critical alternatives explicit until a physical observation collapses them.
44,arxiv:2603.12193v1,SaPaVe: Towards Active Perception and Manipulation in Vision-Language-Action Models for Robotics,2026,arXiv,http://arxiv.org/abs/2603.12193v1,Addresses grasping and language-conditioned manipulation or a neighboring robotics mechanism.,"Prior work usually predicts, ranks, filters, or imitates observed behavior rather than preserving unrealized branches.",The observed outcome is enough to supervise the model.,"Contact mode support, embodiment limits, and deployment perturbations.","Branch collapse, hidden-mode shift, and tail-risk planning failures.",Generic world models and generic uncertainty are crowded.,Semantic force closure revisited keeps action-critical alternatives explicit until a physical observation collapses them.
45,arxiv:2303.01310v3,Learning Language-Conditioned Deformable Object Manipulation with Graph Dynamics,2023,arXiv,http://arxiv.org/abs/2303.01310v3,Addresses grasping and language-conditioned manipulation or a neighboring robotics mechanism.,"Prior work usually predicts, ranks, filters, or imitates observed behavior rather than preserving unrealized branches.",The observed outcome is enough to supervise the model.,"Contact mode support, embodiment limits, and deployment perturbations.","Branch collapse, hidden-mode shift, and tail-risk planning failures.",Generic world models and generic uncertainty are crowded.,Semantic force closure revisited keeps action-critical alternatives explicit until a physical observation collapses them.
46,arxiv:2503.08358v3,DG16M: A Large-Scale Dataset for Dual-Arm Grasping with Force-Optimized Grasps,2025,arXiv,http://arxiv.org/abs/2503.08358v3,Addresses grasping and language-conditioned manipulation or a neighboring robotics mechanism.,"Prior work usually predicts, ranks, filters, or imitates observed behavior rather than preserving unrealized branches.",The observed outcome is enough to supervise the model.,"Contact mode support, embodiment limits, and deployment perturbations.","Branch collapse, hidden-mode shift, and tail-risk planning failures.",Generic world models and generic uncertainty are crowded.,Semantic force closure revisited keeps action-critical alternatives explicit until a physical observation collapses them.
47,doi:10.1109/icra57147.2024.10610890,Learning Language-Conditioned Deformable Object Manipulation with Graph Dynamics,2024,2024 IEEE International Conference on Robotics and Automation (ICRA),https://doi.org/10.1109/icra57147.2024.10610890,Addresses grasping and language-conditioned manipulation or a neighboring robotics mechanism.,"Prior work usually predicts, ranks, filters, or imitates observed behavior rather than preserving unrealized branches.",The observed outcome is enough to supervise the model.,"Contact mode support, embodiment limits, and deployment perturbations.","Branch collapse, hidden-mode shift, and tail-risk planning failures.",Generic world models and generic uncertainty are crowded.,Semantic force closure revisited keeps action-critical alternatives explicit until a physical observation collapses them.
48,doi:10.1609/aaai.v40i22.38896,GraphCoT-VLA: A 3D Spatial-Aware Reasoning Vision-Language-Action Model for Robotic Manipulation with Ambiguous Instructions,2026,Proceedings of the AAAI Conference on Artificial Intelligence,https://doi.org/10.1609/aaai.v40i22.38896,Addresses grasping and language-conditioned manipulation or a neighboring robotics mechanism.,"Prior work usually predicts, ranks, filters, or imitates observed behavior rather than preserving unrealized branches.",The observed outcome is enough to supervise the model.,"Contact mode support, embodiment limits, and deployment perturbations.","Branch collapse, hidden-mode shift, and tail-risk planning failures.",Generic world models and generic uncertainty are crowded.,Semantic force closure revisited keeps action-critical alternatives explicit until a physical observation collapses them.
49,arxiv:2411.19650v1,CogACT: A Foundational Vision-Language-Action Model for Synergizing Cognition and Action in Robotic Manipulation,2024,arXiv,http://arxiv.org/abs/2411.19650v1,Addresses grasping and language-conditioned manipulation or a neighboring robotics mechanism.,"Prior work usually predicts, ranks, filters, or imitates observed behavior rather than preserving unrealized branches.",The observed outcome is enough to supervise the model.,"Contact mode support, embodiment limits, and deployment perturbations.","Branch collapse, hidden-mode shift, and tail-risk planning failures.",Generic world models and generic uncertainty are crowded.,Semantic force closure revisited keeps action-critical alternatives explicit until a physical observation collapses them.
50,doi:10.20944/preprints202601.0682.v1,PI-VLA: A Symmetry-Aware Predictive and Interactive Vision--Language--Action Framework for Robust Robotic Manipulation,,,https://doi.org/10.20944/preprints202601.0682.v1,Addresses grasping and language-conditioned manipulation or a neighboring robotics mechanism.,"Prior work usually predicts, ranks, filters, or imitates observed behavior rather than preserving unrealized branches.",The observed outcome is enough to supervise the model.,"Contact mode support, embodiment limits, and deployment perturbations.","Branch collapse, hidden-mode shift, and tail-risk planning failures.",Generic world models and generic uncertainty are crowded.,Semantic force closure revisited keeps action-critical alternatives explicit until a physical observation collapses them.
51,doi:10.1109/icarm65671.2025.11293583,CLIP-Grasp: Multi-Modal Object Grasping Based on Language and Vision Integration,2025,2025 International Conference on Advanced Robotics and Mechatronics (ICARM),https://doi.org/10.1109/icarm65671.2025.11293583,Addresses grasping and language-conditioned manipulation or a neighboring robotics mechanism.,"Prior work usually predicts, ranks, filters, or imitates observed behavior rather than preserving unrealized branches.",The observed outcome is enough to supervise the model.,"Contact mode support, embodiment limits, and deployment perturbations.","Branch collapse, hidden-mode shift, and tail-risk planning failures.",Generic world models and generic uncertainty are crowded.,Semantic force closure revisited keeps action-critical alternatives explicit until a physical observation collapses them.
52,doi:10.15607/rss.2024.xx.016,SAGE: Bridging Semantic and Actionable Parts for GEneralizable Articulated-Object Manipulation under Language Instructions,2024,Robotics: Science and Systems XX,https://doi.org/10.15607/rss.2024.xx.016,Addresses grasping and language-conditioned manipulation or a neighboring robotics mechanism.,"Prior work usually predicts, ranks, filters, or imitates observed behavior rather than preserving unrealized branches.",The observed outcome is enough to supervise the model.,"Contact mode support, embodiment limits, and deployment perturbations.","Branch collapse, hidden-mode shift, and tail-risk planning failures.",Generic world models and generic uncertainty are crowded.,Semantic force closure revisited keeps action-critical alternatives explicit until a physical observation collapses them.
53,doi:10.3390/jimaging12040143,Vision and Language Reference for a Segment Anything Model for Few-Shot Segmentation,2026,Journal of Imaging,https://doi.org/10.3390/jimaging12040143,Addresses grasping and language-conditioned manipulation or a neighboring robotics mechanism.,"Prior work usually predicts, ranks, filters, or imitates observed behavior rather than preserving unrealized branches.",The observed outcome is enough to supervise the model.,"Contact mode support, embodiment limits, and deployment perturbations.","Branch collapse, hidden-mode shift, and tail-risk planning failures.",Generic world models and generic uncertainty are crowded.,Semantic force closure revisited keeps action-critical alternatives explicit until a physical observation collapses them.
54,arxiv:2512.01946v3,Scaling Cross-Environment Failure Reasoning Data for Vision-Language Robotic Manipulation,2025,arXiv,http://arxiv.org/abs/2512.01946v3,Addresses grasping and language-conditioned manipulation or a neighboring robotics mechanism.,"Prior work usually predicts, ranks, filters, or imitates observed behavior rather than preserving unrealized branches.",The observed outcome is enough to supervise the model.,"Contact mode support, embodiment limits, and deployment perturbations.","Branch collapse, hidden-mode shift, and tail-risk planning failures.",Generic world models and generic uncertainty are crowded.,Semantic force closure revisited keeps action-critical alternatives explicit until a physical observation collapses them.
55,doi:10.3390/s20041050,Grasping Force Control of Multi-Fingered Robotic Hands through Tactile Sensing for Object Stabilization,2020,Sensors,https://doi.org/10.3390/s20041050,Addresses grasping and language-conditioned manipulation or a neighboring robotics mechanism.,"Prior work usually predicts, ranks, filters, or imitates observed behavior rather than preserving unrealized branches.",The observed outcome is enough to supervise the model.,"Contact mode support, embodiment limits, and deployment perturbations.","Branch collapse, hidden-mode shift, and tail-risk planning failures.",Generic world models and generic uncertainty are crowded.,Semantic force closure revisited keeps action-critical alternatives explicit until a physical observation collapses them.
56,doi:10.3390/s26103140,Uncertainty-Calibrated Safety Gating for Vision–Language– Action Manipulation Under Domain Shift: Reliability Gains and Intervention–Efficiency Trade-Offs,2026,Sensors,https://doi.org/10.3390/s26103140,Addresses grasping and language-conditioned manipulation or a neighboring robotics mechanism.,"Prior work usually predicts, ranks, filters, or imitates observed behavior rather than preserving unrealized branches.",The observed outcome is enough to supervise the model.,"Contact mode support, embodiment limits, and deployment perturbations.","Branch collapse, hidden-mode shift, and tail-risk planning failures.",Generic world models and generic uncertainty are crowded.,Semantic force closure revisited keeps action-critical alternatives explicit until a physical observation collapses them.
57,arxiv:2410.03509v1,GAP-RL: Grasps As Points for RL Towards Dynamic Object Grasping,2024,arXiv,http://arxiv.org/abs/2410.03509v1,Addresses grasping and language-conditioned manipulation or a neighboring robotics mechanism.,"Prior work usually predicts, ranks, filters, or imitates observed behavior rather than preserving unrealized branches.",The observed outcome is enough to supervise the model.,"Contact mode support, embodiment limits, and deployment perturbations.","Branch collapse, hidden-mode shift, and tail-risk planning failures.",Generic world models and generic uncertainty are crowded.,Semantic force closure revisited keeps action-critical alternatives explicit until a physical observation collapses them.
58,doi:10.1109/robot.1989.100100,Finger force computation for manipulation of an object by a multifingered robot hand,2003,,https://doi.org/10.1109/robot.1989.100100,Addresses grasping and language-conditioned manipulation or a neighboring robotics mechanism.,"Prior work usually predicts, ranks, filters, or imitates observed behavior rather than preserving unrealized branches.",The observed outcome is enough to supervise the model.,"Contact mode support, embodiment limits, and deployment perturbations.","Branch collapse, hidden-mode shift, and tail-risk planning failures.",Generic world models and generic uncertainty are crowded.,Semantic force closure revisited keeps action-critical alternatives explicit until a physical observation collapses them.
59,arxiv:1809.10790v1,Deep Object Pose Estimation for Semantic Robotic Grasping of Household Objects,2018,arXiv,http://arxiv.org/abs/1809.10790v1,Addresses grasping and language-conditioned manipulation or a neighboring robotics mechanism.,"Prior work usually predicts, ranks, filters, or imitates observed behavior rather than preserving unrealized branches.",The observed outcome is enough to supervise the model.,"Contact mode support, embodiment limits, and deployment perturbations.","Branch collapse, hidden-mode shift, and tail-risk planning failures.",Generic world models and generic uncertainty are crowded.,Semantic force closure revisited keeps action-critical alternatives explicit until a physical observation collapses them.
60,doi:10.3390/s16050640,3D Visual Data-Driven Spatiotemporal Deformations for Non-Rigid Object Grasping Using Robot Hands,2016,Sensors,https://doi.org/10.3390/s16050640,Addresses grasping and language-conditioned manipulation or a neighboring robotics mechanism.,"Prior work usually predicts, ranks, filters, or imitates observed behavior rather than preserving unrealized branches.",The observed outcome is enough to supervise the model.,"Contact mode support, embodiment limits, and deployment perturbations.","Branch collapse, hidden-mode shift, and tail-risk planning failures.",Generic world models and generic uncertainty are crowded.,Semantic force closure revisited keeps action-critical alternatives explicit until a physical observation collapses them.
61,doi:10.3389/fnbot.2022.890695,Dynamic Cloth Manipulation Considering Variable Stiffness and Material Change Using Deep Predictive Model With Parametric Bias,2022,Frontiers in Neurorobotics,https://doi.org/10.3389/fnbot.2022.890695,Addresses grasping and language-conditioned manipulation or a neighboring robotics mechanism.,"Prior work usually predicts, ranks, filters, or imitates observed behavior rather than preserving unrealized branches.",The observed outcome is enough to supervise the model.,"Contact mode support, embodiment limits, and deployment perturbations.","Branch collapse, hidden-mode shift, and tail-risk planning failures.",Generic world models and generic uncertainty are crowded.,Semantic force closure revisited keeps action-critical alternatives explicit until a physical observation collapses them.
62,doi:10.31449/inf.v49i29.9000,DM-VLP-Grasp: Diffusion Model-Based Grasp Planning with Visual-Language Pretraining for Unknown Object Manipulation,2025,Informatica,https://doi.org/10.31449/inf.v49i29.9000,Addresses grasping and language-conditioned manipulation or a neighboring robotics mechanism.,"Prior work usually predicts, ranks, filters, or imitates observed behavior rather than preserving unrealized branches.",The observed outcome is enough to supervise the model.,"Contact mode support, embodiment limits, and deployment perturbations.","Branch collapse, hidden-mode shift, and tail-risk planning failures.",Generic world models and generic uncertainty are crowded.,Semantic force closure revisited keeps action-critical alternatives explicit until a physical observation collapses them.
63,doi:10.1609/aaai.v40i22.38930,Lifelong Language-Conditioned Robotic Manipulation Learning,2026,Proceedings of the AAAI Conference on Artificial Intelligence,https://doi.org/10.1609/aaai.v40i22.38930,Addresses grasping and language-conditioned manipulation or a neighboring robotics mechanism.,"Prior work usually predicts, ranks, filters, or imitates observed behavior rather than preserving unrealized branches.",The observed outcome is enough to supervise the model.,"Contact mode support, embodiment limits, and deployment perturbations.","Branch collapse, hidden-mode shift, and tail-risk planning failures.",Generic world models and generic uncertainty are crowded.,Semantic force closure revisited keeps action-critical alternatives explicit until a physical observation collapses them.
64,doi:10.14302/issn.2766-8681.jcsr-22-4400,Effects of Feedback of Fingertip Force Information with Temporal Coded Vibration Stimulation on Precision Grasping Tasks,2022,Journal of Current Scientific Research,https://doi.org/10.14302/issn.2766-8681.jcsr-22-4400,Addresses grasping and language-conditioned manipulation or a neighboring robotics mechanism.,"Prior work usually predicts, ranks, filters, or imitates observed behavior rather than preserving unrealized branches.",The observed outcome is enough to supervise the model.,"Contact mode support, embodiment limits, and deployment perturbations.","Branch collapse, hidden-mode shift, and tail-risk planning failures.",Generic world models and generic uncertainty are crowded.,Semantic force closure revisited keeps action-critical alternatives explicit until a physical observation collapses them.
65,doi:10.1109/humanoids47582.2021.9555802,Semantic Scene Manipulation Based on 3D Spatial Object Relations and Language Instructions,2021,2020 IEEE-RAS 20th International Conference on Humanoid Robots (Humanoids),https://doi.org/10.1109/humanoids47582.2021.9555802,Addresses grasping and language-conditioned manipulation or a neighboring robotics mechanism.,"Prior work usually predicts, ranks, filters, or imitates observed behavior rather than preserving unrealized branches.",The observed outcome is enough to supervise the model.,"Contact mode support, embodiment limits, and deployment perturbations.","Branch collapse, hidden-mode shift, and tail-risk planning failures.",Generic world models and generic uncertainty are crowded.,Semantic force closure revisited keeps action-critical alternatives explicit until a physical observation collapses them.
66,doi:10.2139/ssrn.6731995,EntKGBench: A Benchmark for Evaluating Large Language Model Reasoning on Real-World Enterprise Knowledge Graphs,,,https://doi.org/10.2139/ssrn.6731995,Addresses grasping and language-conditioned manipulation or a neighboring robotics mechanism.,"Prior work usually predicts, ranks, filters, or imitates observed behavior rather than preserving unrealized branches.",The observed outcome is enough to supervise the model.,"Contact mode support, embodiment limits, and deployment perturbations.","Branch collapse, hidden-mode shift, and tail-risk planning failures.",Generic world models and generic uncertainty are crowded.,Semantic force closure revisited keeps action-critical alternatives explicit until a physical observation collapses them.
67,doi:10.4028/www.scientific.net/amr.250-253.3965,An Algorithm for Force-Closure Grasping of Three-Fingered Hand,2011,Advanced Materials Research,https://doi.org/10.4028/www.scientific.net/amr.250-253.3965,Addresses grasping and language-conditioned manipulation or a neighboring robotics mechanism.,"Prior work usually predicts, ranks, filters, or imitates observed behavior rather than preserving unrealized branches.",The observed outcome is enough to supervise the model.,"Contact mode support, embodiment limits, and deployment perturbations.","Branch collapse, hidden-mode shift, and tail-risk planning failures.",Generic world models and generic uncertainty are crowded.,Semantic force closure revisited keeps action-critical alternatives explicit until a physical observation collapses them.
68,arxiv:2602.03973v1,VLS: Steering Pretrained Robot Policies via Vision-Language Models,2026,arXiv,http://arxiv.org/abs/2602.03973v1,Addresses grasping and language-conditioned manipulation or a neighboring robotics mechanism.,"Prior work usually predicts, ranks, filters, or imitates observed behavior rather than preserving unrealized branches.",The observed outcome is enough to supervise the model.,"Contact mode support, embodiment limits, and deployment perturbations.","Branch collapse, hidden-mode shift, and tail-risk planning failures.",Generic world models and generic uncertainty are crowded.,Semantic force closure revisited keeps action-critical alternatives explicit until a physical observation collapses them.
69,arxiv:2603.12510v3,Red-Teaming Vision-Language-Action Models via Quality Diversity Prompt Generation for Robust Robot Policies,2026,arXiv,http://arxiv.org/abs/2603.12510v3,Addresses grasping and language-conditioned manipulation or a neighboring robotics mechanism.,"Prior work usually predicts, ranks, filters, or imitates observed behavior rather than preserving unrealized branches.",The observed outcome is enough to supervise the model.,"Contact mode support, embodiment limits, and deployment perturbations.","Branch collapse, hidden-mode shift, and tail-risk planning failures.",Generic world models and generic uncertainty are crowded.,Semantic force closure revisited keeps action-critical alternatives explicit until a physical observation collapses them.
70,doi:10.1016/s0168-0102(03)00182-2,Selective deficits of grip force control during object manipulation in patients with reduced sensibility of the grasping digits,2003,Neuroscience Research,https://doi.org/10.1016/s0168-0102(03)00182-2,Addresses grasping and language-conditioned manipulation or a neighboring robotics mechanism.,"Prior work usually predicts, ranks, filters, or imitates observed behavior rather than preserving unrealized branches.",The observed outcome is enough to supervise the model.,"Contact mode support, embodiment limits, and deployment perturbations.","Branch collapse, hidden-mode shift, and tail-risk planning failures.",Generic world models and generic uncertainty are crowded.,Semantic force closure revisited keeps action-critical alternatives explicit until a physical observation collapses them.
71,doi:10.1109/iros.2012.6385563,Semantic grasping: Planning robotic grasps functionally suitable for an object manipulation task,2012,2012 IEEE/RSJ International Conference on Intelligent Robots and Systems,https://doi.org/10.1109/iros.2012.6385563,Addresses grasping and language-conditioned manipulation or a neighboring robotics mechanism.,"Prior work usually predicts, ranks, filters, or imitates observed behavior rather than preserving unrealized branches.",The observed outcome is enough to supervise the model.,"Contact mode support, embodiment limits, and deployment perturbations.","Branch collapse, hidden-mode shift, and tail-risk planning failures.",Generic world models and generic uncertainty are crowded.,Semantic force closure revisited keeps action-critical alternatives explicit until a physical observation collapses them.
72,doi:10.1109/lra.2026.3685452,Semantic-Aware Behavior Optimization With Safety Reinforcement Feedback for Language-Conditioned Manipulation,2026,IEEE Robotics and Automation Letters,https://doi.org/10.1109/lra.2026.3685452,Addresses grasping and language-conditioned manipulation or a neighboring robotics mechanism.,"Prior work usually predicts, ranks, filters, or imitates observed behavior rather than preserving unrealized branches.",The observed outcome is enough to supervise the model.,"Contact mode support, embodiment limits, and deployment perturbations.","Branch collapse, hidden-mode shift, and tail-risk planning failures.",Generic world models and generic uncertainty are crowded.,Semantic force closure revisited keeps action-critical alternatives explicit until a physical observation collapses them.
73,arxiv:2403.07249v2,Toward An Analytic Theory of Intrinsic Robustness for Dexterous Grasping,2024,arXiv,http://arxiv.org/abs/2403.07249v2,Addresses grasping and language-conditioned manipulation or a neighboring robotics mechanism.,"Prior work usually predicts, ranks, filters, or imitates observed behavior rather than preserving unrealized branches.",The observed outcome is enough to supervise the model.,"Contact mode support, embodiment limits, and deployment perturbations.","Branch collapse, hidden-mode shift, and tail-risk planning failures.",Generic world models and generic uncertainty are crowded.,Semantic force closure revisited keeps action-critical alternatives explicit until a physical observation collapses them.
74,doi:10.3390/ai6070158,"Integrating Large Language Models into Robotic Autonomy: A Review of Motion, Voice, and Training Pipelines",2025,AI,https://doi.org/10.3390/ai6070158,Addresses grasping and language-conditioned manipulation or a neighboring robotics mechanism.,"Prior work usually predicts, ranks, filters, or imitates observed behavior rather than preserving unrealized branches.",The observed outcome is enough to supervise the model.,"Contact mode support, embodiment limits, and deployment perturbations.","Branch collapse, hidden-mode shift, and tail-risk planning failures.",Generic world models and generic uncertainty are crowded.,Semantic force closure revisited keeps action-critical alternatives explicit until a physical observation collapses them.
75,doi:10.1167/jov.25.2.6,A robotics-inspired scanpath model reveals the importance of uncertainty and semantic object cues for gaze guidance in dynamic scenes,2025,Journal of Vision,https://doi.org/10.1167/jov.25.2.6,Addresses grasping and language-conditioned manipulation or a neighboring robotics mechanism.,"Prior work usually predicts, ranks, filters, or imitates observed behavior rather than preserving unrealized branches.",The observed outcome is enough to supervise the model.,"Contact mode support, embodiment limits, and deployment perturbations.","Branch collapse, hidden-mode shift, and tail-risk planning failures.",Generic world models and generic uncertainty are crowded.,Semantic force closure revisited keeps action-critical alternatives explicit until a physical observation collapses them.
76,doi:10.1007/s00415-003-1095-z,Deficits of predictive grip force control during object manipulation in acute stroke,2003,Journal of Neurology,https://doi.org/10.1007/s00415-003-1095-z,Addresses grasping and language-conditioned manipulation or a neighboring robotics mechanism.,"Prior work usually predicts, ranks, filters, or imitates observed behavior rather than preserving unrealized branches.",The observed outcome is enough to supervise the model.,"Contact mode support, embodiment limits, and deployment perturbations.","Branch collapse, hidden-mode shift, and tail-risk planning failures.",Generic world models and generic uncertainty are crowded.,Semantic force closure revisited keeps action-critical alternatives explicit until a physical observation collapses them.
77,arxiv:2605.31286v1,DeMaVLA: A Vision-Language-Action Foundation Model for Generalizable Deformable Manipulation,2026,arXiv,http://arxiv.org/abs/2605.31286v1,Addresses grasping and language-conditioned manipulation or a neighboring robotics mechanism.,"Prior work usually predicts, ranks, filters, or imitates observed behavior rather than preserving unrealized branches.",The observed outcome is enough to supervise the model.,"Contact mode support, embodiment limits, and deployment perturbations.","Branch collapse, hidden-mode shift, and tail-risk planning failures.",Generic world models and generic uncertainty are crowded.,Semantic force closure revisited keeps action-critical alternatives explicit until a physical observation collapses them.
78,doi:10.1109/tase.2022.3228255,A Sensory Soft Robotic Gripper Capable of Learning-Based Object Recognition and Force-Controlled Grasping,2022,IEEE Transactions on Automation Science and Engineering,https://doi.org/10.1109/tase.2022.3228255,Addresses grasping and language-conditioned manipulation or a neighboring robotics mechanism.,"Prior work usually predicts, ranks, filters, or imitates observed behavior rather than preserving unrealized branches.",The observed outcome is enough to supervise the model.,"Contact mode support, embodiment limits, and deployment perturbations.","Branch collapse, hidden-mode shift, and tail-risk planning failures.",Generic world models and generic uncertainty are crowded.,Semantic force closure revisited keeps action-critical alternatives explicit until a physical observation collapses them.
79,arxiv:2606.12910v1,Bounding Boxes as Goals: Language-Conditioned Grasping via Neuro-Symbolic Planning,2026,arXiv,http://arxiv.org/abs/2606.12910v1,Addresses grasping and language-conditioned manipulation or a neighboring robotics mechanism.,"Prior work usually predicts, ranks, filters, or imitates observed behavior rather than preserving unrealized branches.",The observed outcome is enough to supervise the model.,"Contact mode support, embodiment limits, and deployment perturbations.","Branch collapse, hidden-mode shift, and tail-risk planning failures.",Generic world models and generic uncertainty are crowded.,Semantic force closure revisited keeps action-critical alternatives explicit until a physical observation collapses them.
80,arxiv:2511.09516v1,MAP-VLA: Memory-Augmented Prompting for Vision-Language-Action Model in Robotic Manipulation,2025,arXiv,http://arxiv.org/abs/2511.09516v1,Addresses grasping and language-conditioned manipulation or a neighboring robotics mechanism.,"Prior work usually predicts, ranks, filters, or imitates observed behavior rather than preserving unrealized branches.",The observed outcome is enough to supervise the model.,"Contact mode support, embodiment limits, and deployment perturbations.","Branch collapse, hidden-mode shift, and tail-risk planning failures.",Generic world models and generic uncertainty are crowded.,Semantic force closure revisited keeps action-critical alternatives explicit until a physical observation collapses them.
81,doi:10.1242/jeb.102426,Oxygen diffusion limitation triggers ventilatory movements during spiracle closure when insects breathe discontinuously,2014,Journal of Experimental Biology,https://doi.org/10.1242/jeb.102426,Addresses grasping and language-conditioned manipulation or a neighboring robotics mechanism.,"Prior work usually predicts, ranks, filters, or imitates observed behavior rather than preserving unrealized branches.",The observed outcome is enough to supervise the model.,"Contact mode support, embodiment limits, and deployment perturbations.","Branch collapse, hidden-mode shift, and tail-risk planning failures.",Generic world models and generic uncertainty are crowded.,Semantic force closure revisited keeps action-critical alternatives explicit until a physical observation collapses them.
82,arxiv:2410.11989v6,Dynamic Open-Vocabulary 3D Scene Graphs for Long-term Language-Guided Mobile Manipulation,2024,arXiv,http://arxiv.org/abs/2410.11989v6,Addresses grasping and language-conditioned manipulation or a neighboring robotics mechanism.,"Prior work usually predicts, ranks, filters, or imitates observed behavior rather than preserving unrealized branches.",The observed outcome is enough to supervise the model.,"Contact mode support, embodiment limits, and deployment perturbations.","Branch collapse, hidden-mode shift, and tail-risk planning failures.",Generic world models and generic uncertainty are crowded.,Semantic force closure revisited keeps action-critical alternatives explicit until a physical observation collapses them.
83,arxiv:2410.04640v2,Unpacking Failure Modes of Generative Policies: Runtime Monitoring of Consistency and Progress,2024,arXiv,http://arxiv.org/abs/2410.04640v2,Addresses grasping and language-conditioned manipulation or a neighboring robotics mechanism.,"Prior work usually predicts, ranks, filters, or imitates observed behavior rather than preserving unrealized branches.",The observed outcome is enough to supervise the model.,"Contact mode support, embodiment limits, and deployment perturbations.","Branch collapse, hidden-mode shift, and tail-risk planning failures.",Generic world models and generic uncertainty are crowded.,Semantic force closure revisited keeps action-critical alternatives explicit until a physical observation collapses them.
84,doi:10.1609/aaai.v40i22.38955,Gentle Manipulation Policy Learning via Demonstrations from VLM Planned Atomic Skills,2026,Proceedings of the AAAI Conference on Artificial Intelligence,https://doi.org/10.1609/aaai.v40i22.38955,Addresses grasping and language-conditioned manipulation or a neighboring robotics mechanism.,"Prior work usually predicts, ranks, filters, or imitates observed behavior rather than preserving unrealized branches.",The observed outcome is enough to supervise the model.,"Contact mode support, embodiment limits, and deployment perturbations.","Branch collapse, hidden-mode shift, and tail-risk planning failures.",Generic world models and generic uncertainty are crowded.,Semantic force closure revisited keeps action-critical alternatives explicit until a physical observation collapses them.
85,doi:10.31224/6733,Graph-Fused Vision-Language-Action Models for Semantically Safe Dual-Robot Control via Control Barrier Functions,,,https://doi.org/10.31224/6733,Addresses grasping and language-conditioned manipulation or a neighboring robotics mechanism.,"Prior work usually predicts, ranks, filters, or imitates observed behavior rather than preserving unrealized branches.",The observed outcome is enough to supervise the model.,"Contact mode support, embodiment limits, and deployment perturbations.","Branch collapse, hidden-mode shift, and tail-risk planning failures.",Generic world models and generic uncertainty are crowded.,Semantic force closure revisited keeps action-critical alternatives explicit until a physical observation collapses them.
86,doi:10.1109/iccv48922.2021.01545,Toward Human-Like Grasp: Dexterous Grasping via Semantic Representation of Object-Hand,2021,2021 IEEE/CVF International Conference on Computer Vision (ICCV),https://doi.org/10.1109/iccv48922.2021.01545,Addresses grasping and language-conditioned manipulation or a neighboring robotics mechanism.,"Prior work usually predicts, ranks, filters, or imitates observed behavior rather than preserving unrealized branches.",The observed outcome is enough to supervise the model.,"Contact mode support, embodiment limits, and deployment perturbations.","Branch collapse, hidden-mode shift, and tail-risk planning failures.",Generic world models and generic uncertainty are crowded.,Semantic force closure revisited keeps action-critical alternatives explicit until a physical observation collapses them.
87,doi:10.1126/sciadv.adp8407,Curriculum is more influential than haptic feedback when learning object manipulation,2025,Science Advances,https://doi.org/10.1126/sciadv.adp8407,Addresses grasping and language-conditioned manipulation or a neighboring robotics mechanism.,"Prior work usually predicts, ranks, filters, or imitates observed behavior rather than preserving unrealized branches.",The observed outcome is enough to supervise the model.,"Contact mode support, embodiment limits, and deployment perturbations.","Branch collapse, hidden-mode shift, and tail-risk planning failures.",Generic world models and generic uncertainty are crowded.,Semantic force closure revisited keeps action-critical alternatives explicit until a physical observation collapses them.
88,doi:10.1145/3729343,VLATest: Testing and Evaluating Vision-Language-Action Models for Robotic Manipulation,2025,Proceedings of the ACM on Software Engineering,https://doi.org/10.1145/3729343,Addresses grasping and language-conditioned manipulation or a neighboring robotics mechanism.,"Prior work usually predicts, ranks, filters, or imitates observed behavior rather than preserving unrealized branches.",The observed outcome is enough to supervise the model.,"Contact mode support, embodiment limits, and deployment perturbations.","Branch collapse, hidden-mode shift, and tail-risk planning failures.",Generic world models and generic uncertainty are crowded.,Semantic force closure revisited keeps action-critical alternatives explicit until a physical observation collapses them.
89,doi:10.5772/5747,Grasping and Manipulation of Deformable Objects Based on Internal Force Requirements,2006,International Journal of Advanced Robotic Systems,https://doi.org/10.5772/5747,Addresses grasping and language-conditioned manipulation or a neighboring robotics mechanism.,"Prior work usually predicts, ranks, filters, or imitates observed behavior rather than preserving unrealized branches.",The observed outcome is enough to supervise the model.,"Contact mode support, embodiment limits, and deployment perturbations.","Branch collapse, hidden-mode shift, and tail-risk planning failures.",Generic world models and generic uncertainty are crowded.,Semantic force closure revisited keeps action-critical alternatives explicit until a physical observation collapses them.
90,arxiv:2407.06168v1,TARGO: Benchmarking Target-driven Object Grasping under Occlusions,2024,arXiv,http://arxiv.org/abs/2407.06168v1,Addresses grasping and language-conditioned manipulation or a neighboring robotics mechanism.,"Prior work usually predicts, ranks, filters, or imitates observed behavior rather than preserving unrealized branches.",The observed outcome is enough to supervise the model.,"Contact mode support, embodiment limits, and deployment perturbations.","Branch collapse, hidden-mode shift, and tail-risk planning failures.",Generic world models and generic uncertainty are crowded.,Semantic force closure revisited keeps action-critical alternatives explicit until a physical observation collapses them.
91,doi:10.1145/3762657,Grasp-HGN: Grasping the Unexpected,2025,ACM Transactions on Embedded Computing Systems,https://doi.org/10.1145/3762657,Addresses grasping and language-conditioned manipulation or a neighboring robotics mechanism.,"Prior work usually predicts, ranks, filters, or imitates observed behavior rather than preserving unrealized branches.",The observed outcome is enough to supervise the model.,"Contact mode support, embodiment limits, and deployment perturbations.","Branch collapse, hidden-mode shift, and tail-risk planning failures.",Generic world models and generic uncertainty are crowded.,Semantic force closure revisited keeps action-critical alternatives explicit until a physical observation collapses them.
92,doi:10.17645/pag.7172,Grasping Foreign and Security Policy Change: Patterns and Conditions of Change Among Liberal Democracies,2024,Politics and Governance,https://doi.org/10.17645/pag.7172,Addresses grasping and language-conditioned manipulation or a neighboring robotics mechanism.,"Prior work usually predicts, ranks, filters, or imitates observed behavior rather than preserving unrealized branches.",The observed outcome is enough to supervise the model.,"Contact mode support, embodiment limits, and deployment perturbations.","Branch collapse, hidden-mode shift, and tail-risk planning failures.",Generic world models and generic uncertainty are crowded.,Semantic force closure revisited keeps action-critical alternatives explicit until a physical observation collapses them.
93,arxiv:2510.24055v1,Language-Conditioned Representations and Mixture-of-Experts Policy for Robust Multi-Task Robotic Manipulation,2025,arXiv,http://arxiv.org/abs/2510.24055v1,Addresses grasping and language-conditioned manipulation or a neighboring robotics mechanism.,"Prior work usually predicts, ranks, filters, or imitates observed behavior rather than preserving unrealized branches.",The observed outcome is enough to supervise the model.,"Contact mode support, embodiment limits, and deployment perturbations.","Branch collapse, hidden-mode shift, and tail-risk planning failures.",Generic world models and generic uncertainty are crowded.,Semantic force closure revisited keeps action-critical alternatives explicit until a physical observation collapses them.
94,arxiv:2505.11563v1,Object-Centric Representations Improve Policy Generalization in Robot Manipulation,2025,arXiv,http://arxiv.org/abs/2505.11563v1,Addresses grasping and language-conditioned manipulation or a neighboring robotics mechanism.,"Prior work usually predicts, ranks, filters, or imitates observed behavior rather than preserving unrealized branches.",The observed outcome is enough to supervise the model.,"Contact mode support, embodiment limits, and deployment perturbations.","Branch collapse, hidden-mode shift, and tail-risk planning failures.",Generic world models and generic uncertainty are crowded.,Semantic force closure revisited keeps action-critical alternatives explicit until a physical observation collapses them.
95,doi:10.1541/ieejjia.20250110,Prompt-Based Object Detection and Task Planning for Automated Grasping Using Large Language Models,2026,IEEJ Journal of Industry Applications,https://doi.org/10.1541/ieejjia.20250110,Addresses grasping and language-conditioned manipulation or a neighboring robotics mechanism.,"Prior work usually predicts, ranks, filters, or imitates observed behavior rather than preserving unrealized branches.",The observed outcome is enough to supervise the model.,"Contact mode support, embodiment limits, and deployment perturbations.","Branch collapse, hidden-mode shift, and tail-risk planning failures.",Generic world models and generic uncertainty are crowded.,Semantic force closure revisited keeps action-critical alternatives explicit until a physical observation collapses them.
96,doi:10.1142/s230138502050017x,Mechanical Impedance Control of Cooperative Robot During Object Manipulation Based on External Force Estimation Using Recurrent Neural Network,2020,Unmanned Systems,https://doi.org/10.1142/s230138502050017x,Addresses grasping and language-conditioned manipulation or a neighboring robotics mechanism.,"Prior work usually predicts, ranks, filters, or imitates observed behavior rather than preserving unrealized branches.",The observed outcome is enough to supervise the model.,"Contact mode support, embodiment limits, and deployment perturbations.","Branch collapse, hidden-mode shift, and tail-risk planning failures.",Generic world models and generic uncertainty are crowded.,Semantic force closure revisited keeps action-critical alternatives explicit until a physical observation collapses them.
97,arxiv:2507.05978v1,FineGrasp: Towards Robust Grasping for Delicate Objects,2025,arXiv,http://arxiv.org/abs/2507.05978v1,Addresses grasping and language-conditioned manipulation or a neighboring robotics mechanism.,"Prior work usually predicts, ranks, filters, or imitates observed behavior rather than preserving unrealized branches.",The observed outcome is enough to supervise the model.,"Contact mode support, embodiment limits, and deployment perturbations.","Branch collapse, hidden-mode shift, and tail-risk planning failures.",Generic world models and generic uncertainty are crowded.,Semantic force closure revisited keeps action-critical alternatives explicit until a physical observation collapses them.
98,arxiv:2511.05397v1,EveryDayVLA: A Vision-Language-Action Model for Affordable Robotic Manipulation,2025,arXiv,http://arxiv.org/abs/2511.05397v1,Addresses grasping and language-conditioned manipulation or a neighboring robotics mechanism.,"Prior work usually predicts, ranks, filters, or imitates observed behavior rather than preserving unrealized branches.",The observed outcome is enough to supervise the model.,"Contact mode support, embodiment limits, and deployment perturbations.","Branch collapse, hidden-mode shift, and tail-risk planning failures.",Generic world models and generic uncertainty are crowded.,Semantic force closure revisited keeps action-critical alternatives explicit until a physical observation collapses them.
99,arxiv:2602.17659v1,When Vision Overrides Language: Evaluating and Mitigating Counterfactual Failures in VLAs,2026,arXiv,http://arxiv.org/abs/2602.17659v1,Addresses grasping and language-conditioned manipulation or a neighboring robotics mechanism.,"Prior work usually predicts, ranks, filters, or imitates observed behavior rather than preserving unrealized branches.",The observed outcome is enough to supervise the model.,"Contact mode support, embodiment limits, and deployment perturbations.","Branch collapse, hidden-mode shift, and tail-risk planning failures.",Generic world models and generic uncertainty are crowded.,Semantic force closure revisited keeps action-critical alternatives explicit until a physical observation collapses them.
100,doi:10.1371/journal.pone.0178185,Taxonomy based analysis of force exchanges during object grasping and manipulation,2017,PLOS ONE,https://doi.org/10.1371/journal.pone.0178185,Addresses grasping and language-conditioned manipulation or a neighboring robotics mechanism.,"Prior work usually predicts, ranks, filters, or imitates observed behavior rather than preserving unrealized branches.",The observed outcome is enough to supervise the model.,"Contact mode support, embodiment limits, and deployment perturbations.","Branch collapse, hidden-mode shift, and tail-risk planning failures.",Generic world models and generic uncertainty are crowded.,Semantic force closure revisited keeps action-critical alternatives explicit until a physical observation collapses them.
